<annotation>
	<folder>JPEGImages</folder>
	<filename>0.jpg</filename>
	<path>G:\ustc\bishe\dataset\JPEGImages\0.jpg</path>
	<source>
		<database>Unknown</database>
	</source>
	<size>
		<width>640</width>
		<height>480</height>
		<depth>3</depth>
	</size>
	<segmented>0</segmented>
	<object>
		<name>closed_eye</name>
		<pose>Unspecified</pose>
		<truncated>0</truncated>
		<difficult>0</difficult>
		<bndbox>
			<xmin>353</xmin>
			<ymin>256</ymin>
			<xmax>391</xmax>
			<ymax>271</ymax>
		</bndbox>
	</object>
	<object>
		<name>closed_eye</name>
		<pose>Unspecified</pose>
		<truncated>0</truncated>
		<difficult>0</difficult>
		<bndbox>
			<xmin>308</xmin>
			<ymin>255</ymin>
			<xmax>340</xmax>
			<ymax>271</ymax>
		</bndbox>
	</object>
	<object>
		<name>closed_mouth</name>
		<pose>Unspecified</pose>
		<truncated>0</truncated>
		<difficult>0</difficult>
		<bndbox>
			<xmin>326</xmin>
			<ymin>306</ymin>
			<xmax>369</xmax>
			<ymax>324</ymax>
		</bndbox>
	</object>
</annotation>
