<annotation>
	<folder>JPEGImages</folder>
	<filename>10.jpg</filename>
	<path>G:\ustc\bishe\dataset\JPEGImages\10.jpg</path>
	<source>
		<database>Unknown</database>
	</source>
	<size>
		<width>640</width>
		<height>480</height>
		<depth>3</depth>
	</size>
	<segmented>0</segmented>
	<object>
		<name>closed_mouth</name>
		<pose>Unspecified</pose>
		<truncated>0</truncated>
		<difficult>0</difficult>
		<bndbox>
			<xmin>353</xmin>
			<ymin>299</ymin>
			<xmax>397</xmax>
			<ymax>316</ymax>
		</bndbox>
	</object>
	<object>
		<name>open_eye</name>
		<pose>Unspecified</pose>
		<truncated>0</truncated>
		<difficult>0</difficult>
		<bndbox>
			<xmin>386</xmin>
			<ymin>246</ymin>
			<xmax>422</xmax>
			<ymax>261</ymax>
		</bndbox>
	</object>
	<object>
		<name>open_eye</name>
		<pose>Unspecified</pose>
		<truncated>0</truncated>
		<difficult>0</difficult>
		<bndbox>
			<xmin>337</xmin>
			<ymin>245</ymin>
			<xmax>363</xmax>
			<ymax>257</ymax>
		</bndbox>
	</object>
</annotation>
