<annotation>
	<folder>JPEGImages</folder>
	<filename>11.jpg</filename>
	<path>G:\ustc\bishe\dataset\JPEGImages\11.jpg</path>
	<source>
		<database>Unknown</database>
	</source>
	<size>
		<width>640</width>
		<height>480</height>
		<depth>3</depth>
	</size>
	<segmented>0</segmented>
	<object>
		<name>open_eye</name>
		<pose>Unspecified</pose>
		<truncated>0</truncated>
		<difficult>0</difficult>
		<bndbox>
			<xmin>330</xmin>
			<ymin>244</ymin>
			<xmax>362</xmax>
			<ymax>256</ymax>
		</bndbox>
	</object>
	<object>
		<name>open_eye</name>
		<pose>Unspecified</pose>
		<truncated>0</truncated>
		<difficult>0</difficult>
		<bndbox>
			<xmin>385</xmin>
			<ymin>249</ymin>
			<xmax>415</xmax>
			<ymax>264</ymax>
		</bndbox>
	</object>
	<object>
		<name>closed_mouth</name>
		<pose>Unspecified</pose>
		<truncated>0</truncated>
		<difficult>0</difficult>
		<bndbox>
			<xmin>344</xmin>
			<ymin>298</ymin>
			<xmax>397</xmax>
			<ymax>317</ymax>
		</bndbox>
	</object>
</annotation>
