<annotation>
	<folder>JPEGImages</folder>
	<filename>12.jpg</filename>
	<path>G:\ustc\bishe\dataset\JPEGImages\12.jpg</path>
	<source>
		<database>Unknown</database>
	</source>
	<size>
		<width>640</width>
		<height>480</height>
		<depth>3</depth>
	</size>
	<segmented>0</segmented>
	<object>
		<name>open_eye</name>
		<pose>Unspecified</pose>
		<truncated>0</truncated>
		<difficult>0</difficult>
		<bndbox>
			<xmin>342</xmin>
			<ymin>259</ymin>
			<xmax>382</xmax>
			<ymax>269</ymax>
		</bndbox>
	</object>
	<object>
		<name>open_eye</name>
		<pose>Unspecified</pose>
		<truncated>0</truncated>
		<difficult>0</difficult>
		<bndbox>
			<xmin>306</xmin>
			<ymin>260</ymin>
			<xmax>328</xmax>
			<ymax>272</ymax>
		</bndbox>
	</object>
	<object>
		<name>closed_mouth</name>
		<pose>Unspecified</pose>
		<truncated>0</truncated>
		<difficult>0</difficult>
		<bndbox>
			<xmin>323</xmin>
			<ymin>308</ymin>
			<xmax>365</xmax>
			<ymax>328</ymax>
		</bndbox>
	</object>
</annotation>
