<annotation>
	<folder>JPEGImages</folder>
	<filename>13.jpg</filename>
	<path>G:\ustc\bishe\dataset\JPEGImages\13.jpg</path>
	<source>
		<database>Unknown</database>
	</source>
	<size>
		<width>640</width>
		<height>480</height>
		<depth>3</depth>
	</size>
	<segmented>0</segmented>
	<object>
		<name>open_eye</name>
		<pose>Unspecified</pose>
		<truncated>0</truncated>
		<difficult>0</difficult>
		<bndbox>
			<xmin>303</xmin>
			<ymin>251</ymin>
			<xmax>333</xmax>
			<ymax>263</ymax>
		</bndbox>
	</object>
	<object>
		<name>closed_mouth</name>
		<pose>Unspecified</pose>
		<truncated>0</truncated>
		<difficult>0</difficult>
		<bndbox>
			<xmin>296</xmin>
			<ymin>302</ymin>
			<xmax>328</xmax>
			<ymax>321</ymax>
		</bndbox>
	</object>
</annotation>
