<annotation>
	<folder>JPEGImages</folder>
	<filename>2.jpg</filename>
	<path>G:\ustc\bishe\dataset\JPEGImages\2.jpg</path>
	<source>
		<database>Unknown</database>
	</source>
	<size>
		<width>640</width>
		<height>480</height>
		<depth>3</depth>
	</size>
	<segmented>0</segmented>
	<object>
		<name>closed_eye</name>
		<pose>Unspecified</pose>
		<truncated>0</truncated>
		<difficult>0</difficult>
		<bndbox>
			<xmin>341</xmin>
			<ymin>258</ymin>
			<xmax>376</xmax>
			<ymax>270</ymax>
		</bndbox>
	</object>
	<object>
		<name>closed_eye</name>
		<pose>Unspecified</pose>
		<truncated>0</truncated>
		<difficult>0</difficult>
		<bndbox>
			<xmin>302</xmin>
			<ymin>257</ymin>
			<xmax>327</xmax>
			<ymax>269</ymax>
		</bndbox>
	</object>
	<object>
		<name>closed_mouth</name>
		<pose>Unspecified</pose>
		<truncated>0</truncated>
		<difficult>0</difficult>
		<bndbox>
			<xmin>322</xmin>
			<ymin>301</ymin>
			<xmax>367</xmax>
			<ymax>320</ymax>
		</bndbox>
	</object>
</annotation>
