<annotation>
	<folder>JPEGImages</folder>
	<filename>7.jpg</filename>
	<path>G:\ustc\bishe\dataset\JPEGImages\7.jpg</path>
	<source>
		<database>Unknown</database>
	</source>
	<size>
		<width>640</width>
		<height>480</height>
		<depth>3</depth>
	</size>
	<segmented>0</segmented>
	<object>
		<name>closed_eye</name>
		<pose>Unspecified</pose>
		<truncated>0</truncated>
		<difficult>0</difficult>
		<bndbox>
			<xmin>322</xmin>
			<ymin>267</ymin>
			<xmax>359</xmax>
			<ymax>280</ymax>
		</bndbox>
	</object>
	<object>
		<name>closed_eye</name>
		<pose>Unspecified</pose>
		<truncated>0</truncated>
		<difficult>0</difficult>
		<bndbox>
			<xmin>292</xmin>
			<ymin>272</ymin>
			<xmax>308</xmax>
			<ymax>285</ymax>
		</bndbox>
	</object>
	<object>
		<name>closed_mouth</name>
		<pose>Unspecified</pose>
		<truncated>0</truncated>
		<difficult>0</difficult>
		<bndbox>
			<xmin>317</xmin>
			<ymin>314</ymin>
			<xmax>350</xmax>
			<ymax>338</ymax>
		</bndbox>
	</object>
</annotation>
