<annotation>
	<folder>JPEGImages</folder>
	<filename>8.jpg</filename>
	<path>G:\ustc\bishe\dataset\JPEGImages\8.jpg</path>
	<source>
		<database>Unknown</database>
	</source>
	<size>
		<width>640</width>
		<height>480</height>
		<depth>3</depth>
	</size>
	<segmented>0</segmented>
	<object>
		<name>closed_eye</name>
		<pose>Unspecified</pose>
		<truncated>0</truncated>
		<difficult>0</difficult>
		<bndbox>
			<xmin>316</xmin>
			<ymin>262</ymin>
			<xmax>348</xmax>
			<ymax>278</ymax>
		</bndbox>
	</object>
	<object>
		<name>closed_mouth</name>
		<pose>Unspecified</pose>
		<truncated>0</truncated>
		<difficult>0</difficult>
		<bndbox>
			<xmin>306</xmin>
			<ymin>315</ymin>
			<xmax>340</xmax>
			<ymax>329</ymax>
		</bndbox>
	</object>
</annotation>
