<annotation>
	<folder>JPEGImages</folder>
	<filename>9.jpg</filename>
	<path>G:\ustc\bishe\dataset\JPEGImages\9.jpg</path>
	<source>
		<database>Unknown</database>
	</source>
	<size>
		<width>640</width>
		<height>480</height>
		<depth>3</depth>
	</size>
	<segmented>0</segmented>
	<object>
		<name>open_eye</name>
		<pose>Unspecified</pose>
		<truncated>0</truncated>
		<difficult>0</difficult>
		<bndbox>
			<xmin>333</xmin>
			<ymin>249</ymin>
			<xmax>362</xmax>
			<ymax>261</ymax>
		</bndbox>
	</object>
	<object>
		<name>open_eye</name>
		<pose>Unspecified</pose>
		<truncated>0</truncated>
		<difficult>0</difficult>
		<bndbox>
			<xmin>295</xmin>
			<ymin>251</ymin>
			<xmax>316</xmax>
			<ymax>264</ymax>
		</bndbox>
	</object>
	<object>
		<name>closed_mouth</name>
		<pose>Unspecified</pose>
		<truncated>0</truncated>
		<difficult>0</difficult>
		<bndbox>
			<xmin>310</xmin>
			<ymin>301</ymin>
			<xmax>350</xmax>
			<ymax>319</ymax>
		</bndbox>
	</object>
</annotation>
